date,target,djia,sp500
2015-09-01,64.45,,
2015-09-02,65.87,,
2015-09-03,66.21,16374.759766,1951.130005
2015-09-04,65.33,16102.379883,1921.219971
2015-09-08,67.01,16492.679688,1969.410034
2015-09-09,65.96,16253.570313,1942.040039
2015-09-10,65.89,16330.400391,1952.290039
2015-09-11,66.58,16433.089844,1961.050049
2015-09-14,65.96,16370.959961,1953.030029
2015-09-15,66.53,16599.849609,1978.089966
2015-09-16,67.11,16739.949219,1995.310059
2015-09-17,66.69,16674.740234,1990.199951
2015-09-18,65.5,16384.580078,1958.030029
2015-09-21,66.91,16510.189453,1966.969971
2015-09-22,66.73,16330.469727,1942.73999
2015-09-23,67.33,16279.889648,1938.76001
2015-09-24,67.59,16201.320313,1932.23999
2015-09-25,67.58,16314.669922,1931.339966
2015-09-28,66.4,16001.889648,1881.77002
2015-09-29,66.67,16049.129883,1884.089966
2015-09-30,67.25,16284.700195,1920.030029
2015-10-01,67.97,16272.009766,1923.819946
2015-10-02,67.99,16472.369141,1951.359985
2015-10-05,67.97,16776.429688,1987.050049
2015-10-06,66.77,16790.189453,1979.920044
2015-10-07,67.16,16912.289063,1995.829956
2015-10-08,67.27,17050.75,2013.430054
2015-10-09,67.44,17084.490234,2014.890015
2015-10-12,67.72,17131.859375,2017.459961
2015-10-13,67.5,17081.890625,2003.689941
2015-10-14,65.14,16924.75,1994.23999
2015-10-15,64.23,17141.75,2023.859985
2015-10-16,64.16,17215.970703,2033.109985
2015-10-19,63.86,17230.539063,2033.660034
2015-10-20,63.61,17217.109375,2030.77002
2015-10-21,65.32,17168.609375,2018.939941
2015-10-22,65.92,17489.160156,2052.51001
2015-10-23,62.36,17646.699219,2075.149902
2015-10-26,63.28,17623.050781,2071.179932
2015-10-27,63.89,17581.429688,2065.889893
2015-10-28,65.17,17779.519531,2090.350098
2015-10-29,65.21,17755.800781,2089.409912
2015-10-30,65.98,17663.539063,2079.360107
2015-11-02,66.05,17828.759766,2104.050049
2015-11-03,66.88,17918.150391,2109.790039
2015-11-04,66.16,17867.580078,2102.310059
2015-11-05,66.81,17863.429688,2099.929932
2015-11-06,66.02,17910.330078,2099.199951
2015-11-09,65.17,17730.480469,2078.580078
2015-11-10,65.99,17758.210938,2081.719971
2015-11-11,64.01,17702.220703,2075.0
2015-11-12,64.06,17448.070313,2045.969971
2015-11-13,61.46,17245.240234,2023.040039
2015-11-16,62.3,17483.009766,2053.189941
2015-11-17,62.82,17489.5,2050.439941
2015-11-18,60.12,17737.160156,2083.580078
2015-11-19,60.79,17732.75,2081.23999
2015-11-20,61.03,17823.810547,2089.169922
2015-11-23,62.28,17792.679688,2086.590088
2015-11-24,62.8,17812.189453,2089.139893
2015-11-25,63.04,17813.390625,2088.870117
2015-11-27,63.28,17813.390625,2090.110107
2015-11-30,62.47,17719.919922,2080.409912
2015-12-01,62.73,17888.349609,2102.629883
2015-12-02,61.98,17729.679688,2079.51001
2015-12-03,63.06,17477.669922,2049.620117
2015-12-04,63.67,17847.630859,2091.689941
2015-12-07,63.23,17730.509766,2077.070068
2015-12-08,62.61,17568.0,2063.590088
2015-12-09,62.05,17492.300781,2047.619995
2015-12-10,62.36,17574.75,2052.22998
2015-12-11,61.9,17265.210938,2012.369995
2015-12-14,62.66,17368.5,2021.939941
2015-12-15,62.88,17524.910156,2043.410034
2015-12-16,63.59,17749.089844,2073.070068
2015-12-17,62.32,17495.839844,2041.890015
2015-12-18,61.49,17128.550781,2005.550049
2015-12-21,61.79,17251.619141,2021.150024
2015-12-22,62.56,17417.269531,2038.969971
2015-12-23,63.46,17602.609375,2064.290039
2015-12-24,63.04,17552.169922,2060.98999
2015-12-28,62.79,17528.269531,2056.5
2015-12-29,64.14,17720.980469,2078.360107
2015-12-30,63.43,17603.869141,2063.360107
2015-12-31,62.56,17425.029297,2043.939941
2016-01-04,63.37,17148.939453,2012.660034
2016-01-05,64.48,17158.660156,2016.709961
2016-01-06,63.83,16906.509766,1990.26001
2016-01-07,63.66,16514.099609,1943.089966
2016-01-08,61.5,16346.450195,1922.030029
2016-01-11,62.4,16398.570313,1923.670044
2016-01-12,63.21,16516.220703,1938.680054
2016-01-13,61.73,16151.410156,1890.280029
2016-01-14,60.67,16379.049805,1921.839966
2016-01-15,60.38,15988.080078,1880.329956
2016-01-19,59.66,16016.019531,1881.329956
2016-01-20,58.24,15766.740234,1859.329956
2016-01-21,59.14,15882.679688,1868.98999
2016-01-22,60.07,16093.509766,1906.900024
2016-01-25,59.38,15885.219727,1877.079956
2016-01-26,60.69,16167.230469,1903.630005
2016-01-27,60.91,15944.459961,1882.949951
2016-01-28,61.17,16069.639648,1893.359985
2016-01-29,62.4,16466.300781,1940.23999
2016-02-01,62.75,16449.179688,1939.380005
2016-02-02,63.17,16153.540039,1903.030029
2016-02-03,62.53,16336.660156,1912.530029
2016-02-04,60.35,16416.580078,1915.449951
2016-02-05,59.93,16204.969727,1880.050049
2016-02-08,60.31,16027.049805,1853.439941
2016-02-09,60.19,16014.379883,1852.209961
2016-02-10,59.25,15914.740234,1851.859985
2016-02-11,58.63,15660.179688,1829.079956
2016-02-12,60.77,15973.839844,1864.780029
2016-02-16,62.12,16196.410156,1895.579956
2016-02-17,62.64,16453.830078,1926.819946
2016-02-18,63.01,16413.429688,1917.829956
2016-02-19,62.83,16391.990234,1917.780029
2016-02-22,62.96,16620.660156,1945.5
2016-02-23,64.28,16431.779297,1921.27002
2016-02-24,66.84,16484.990234,1929.800049
2016-02-25,68.35,16697.289063,1951.699951
2016-02-26,68.14,16639.970703,1948.050049
2016-02-29,68.15,16516.5,1932.22998
2016-03-01,70.34,16865.080078,1978.349976
2016-03-02,70.46,16899.320313,1986.449951
2016-03-03,69.25,16943.900391,1993.400024
2016-03-04,70.48,17006.769531,1999.98999
2016-03-07,70.21,17073.949219,2001.76001
2016-03-08,69.96,16964.099609,1979.26001
2016-03-09,70.55,17000.359375,1989.26001
2016-03-10,70.8,16995.130859,1989.569946
2016-03-11,71.13,17213.310547,2022.189941
2016-03-14,71.04,17229.130859,2019.640015
2016-03-15,70.94,17251.529297,2015.930054
2016-03-16,71.58,17325.759766,2027.219971
2016-03-17,72.13,17481.490234,2040.589966
2016-03-18,71.86,17602.300781,2049.580078
2016-03-21,71.41,17623.869141,2051.600098
2016-03-22,70.98,17582.570313,2049.800049
2016-03-23,70.8,17502.589844,2036.709961
2016-03-24,71.27,17515.730469,2035.939941
2016-03-28,71.93,17535.390625,2037.050049
2016-03-29,72.08,17633.109375,2055.01001
2016-03-30,72.63,17716.660156,2063.949951
2016-03-31,71.48,17685.089844,2059.73999
2016-04-01,71.9,17792.75,2072.780029
2016-04-04,71.5,17737.0,2066.129883
2016-04-05,71.33,17603.320313,2045.170044
2016-04-06,71.39,17716.050781,2066.659912
2016-04-07,70.87,17541.960938,2041.910034
2016-04-08,70.27,17576.960938,2047.599976
2016-04-11,69.3,17556.410156,2041.98999
2016-04-12,70.18,17721.25,2061.719971
2016-04-13,70.86,17908.279297,2082.419922
2016-04-14,71.05,17926.429688,2082.780029
2016-04-15,71.76,17897.460938,2080.72998
2016-04-18,72.47,18004.160156,2094.340088
2016-04-19,72.96,18053.599609,2100.800049
2016-04-20,71.99,18096.269531,2102.399902
2016-04-21,71.89,17982.519531,2091.47998
2016-04-22,71.53,18003.75,2091.580078
2016-04-25,71.76,17977.240234,2087.790039
2016-04-26,71.76,17990.320313,2091.699951
2016-04-27,72.36,18041.550781,2095.149902
2016-04-28,70.66,17830.759766,2075.810059
2016-04-29,69.07,17773.640625,2065.300049
2016-05-02,69.61,17891.160156,2081.429932
2016-05-03,69.49,17750.910156,2063.370117
2016-05-04,69.25,17651.259766,2051.120117
2016-05-05,67.88,17660.710938,2050.629883
2016-05-06,68.41,17740.630859,2057.139893
2016-05-09,69.44,17705.910156,2058.689941
2016-05-10,69.55,17928.349609,2084.389893
2016-05-11,65.77,17711.119141,2064.459961
2016-05-12,65.68,17720.5,2064.110107
2016-05-13,64.18,17535.320313,2046.609985
2016-05-16,65.31,17710.710938,2066.659912
2016-05-17,64.44,17529.980469,2047.209961
2016-05-18,59.53,17526.619141,2047.630005
2016-05-19,58.7,17435.400391,2040.040039
2016-05-20,60.11,17500.939453,2052.320068
2016-05-23,59.47,17492.929688,2048.040039
2016-05-24,60.13,17706.050781,2076.060059
2016-05-25,60.65,17851.509766,2090.540039
2016-05-26,60.32,17828.289063,2090.100098
2016-05-27,60.32,17873.220703,2099.060059
2016-05-31,60.21,17787.199219,2096.949951
2016-06-01,59.89,17789.669922,2099.330078
2016-06-02,59.81,17838.560547,2105.26001
2016-06-03,60.1,17807.060547,2099.129883
2016-06-06,60.24,17920.330078,2109.409912
2016-06-07,59.74,17938.279297,2112.129883
2016-06-08,60.07,18005.050781,2119.120117
2016-06-09,59.26,17985.189453,2115.47998
2016-06-10,59.42,17865.339844,2096.070068
2016-06-13,58.56,17732.480469,2079.060059
2016-06-14,58.42,17674.820313,2075.320068
2016-06-15,58.89,17640.169922,2071.5
2016-06-16,58.63,17733.099609,2077.98999
2016-06-17,59.09,17675.160156,2071.219971
2016-06-20,59.52,17804.869141,2083.25
2016-06-21,59.79,17829.730469,2088.899902
2016-06-22,60.28,17780.830078,2085.449951
2016-06-23,61.09,18011.070313,2113.320068
2016-06-24,60.71,17400.75,2037.410034
2016-06-27,60.8,17140.240234,2000.540039
2016-06-28,61.05,17409.720703,2036.089966
2016-06-29,61.28,17694.679688,2070.77002
2016-06-30,61.12,17929.990234,2098.860107
2016-07-01,61.32,17949.369141,2102.949951
2016-07-05,61.05,17840.619141,2088.550049
2016-07-06,61.72,17918.619141,2099.72998
2016-07-07,61.36,17895.880859,2097.899902
2016-07-08,62.43,18146.740234,2129.899902
2016-07-11,63.5,18226.929688,2137.159912
2016-07-12,64.36,18347.669922,2152.139893
2016-07-13,64.05,18372.119141,2152.429932
2016-07-14,64.33,18506.410156,2163.75
2016-07-15,63.94,18516.550781,2161.73999
2016-07-18,64.74,18533.050781,2166.889893
2016-07-19,64.74,18559.009766,2163.780029
2016-07-20,65.2,18595.029297,2173.02002
2016-07-21,65.08,18517.230469,2165.169922
2016-07-22,65.59,18570.849609,2175.030029
2016-07-25,66.79,18493.060547,2168.47998
2016-07-26,66.72,18473.75,2169.179932
2016-07-27,65.87,18472.169922,2166.580078
2016-07-28,65.47,18456.349609,2170.060059
2016-07-29,65.94,18432.240234,2173.600098
2016-08-01,66.1,18404.509766,2170.840088
2016-08-02,64.68,18313.769531,2157.030029
2016-08-03,64.87,18355.0,2163.790039
2016-08-04,64.9,18352.050781,2164.25
2016-08-05,65.6,18543.529297,2182.870117
2016-08-08,65.66,18529.289063,2180.889893
2016-08-09,63.56,18533.050781,2181.73999
2016-08-10,63.95,18495.660156,2175.48999
2016-08-11,64.79,18613.519531,2185.790039
2016-08-12,66.36,18576.470703,2184.050049
2016-08-15,66.65,18636.050781,2190.149902
2016-08-16,66.6,18552.019531,2178.149902
2016-08-17,62.32,18573.939453,2182.219971
2016-08-18,62.03,18597.699219,2187.02002
2016-08-19,61.87,18552.570313,2183.870117
2016-08-22,62.11,18529.419922,2182.639893
2016-08-23,62.69,18547.300781,2186.899902
2016-08-24,63.29,18481.480469,2175.439941
2016-08-25,62.48,18448.410156,2172.469971
2016-08-26,62.08,18395.400391,2169.040039
2016-08-29,62.69,18502.990234,2180.379883
2016-08-30,62.11,18454.300781,2176.120117
2016-08-31,61.93,18400.880859,2170.949951
2016-09-01,62.28,18419.300781,2170.860107
2016-09-02,62.48,18491.960938,2179.97998
2016-09-06,61.86,18538.119141,2186.47998
2016-09-07,62.03,18526.140625,2186.159912
2016-09-08,61.29,18479.910156,2181.300049
2016-09-09,60.88,18085.449219,2127.810059
2016-09-12,61.15,18325.070313,2159.040039
2016-09-13,60.83,18066.75,2127.02002
2016-09-14,60.18,18034.769531,2125.77002
2016-09-15,61.07,18212.480469,2147.26001
2016-09-16,61.09,18123.800781,2139.159912
2016-09-19,60.79,18120.169922,2139.120117
2016-09-20,60.55,18129.960938,2139.76001
2016-09-21,61.3,18293.699219,2163.120117
2016-09-22,60.5,18392.460938,2177.179932
2016-09-23,60.68,18261.449219,2164.689941
2016-09-26,59.31,18094.830078,2146.100098
2016-09-27,60.26,18228.300781,2159.929932
2016-09-28,59.84,18339.240234,2171.370117
2016-09-29,59.76,18143.449219,2151.129883
2016-09-30,60.6,18308.150391,2168.27002
2016-10-03,60.6,18253.849609,2161.199951
2016-10-04,60.58,18168.449219,2150.48999
2016-10-05,59.77,18281.029297,2159.72998
2016-10-06,60.36,18268.5,2160.77002
2016-10-07,60.92,18240.490234,2153.73999
2016-10-10,60.76,18329.039063,2163.659912
2016-10-11,60.35,18128.660156,2136.72998
2016-10-12,59.88,18144.199219,2139.179932
2016-10-13,59.91,18098.939453,2132.550049
2016-10-14,60.1,18138.380859,2132.97998
2016-10-17,59.33,18086.400391,2126.5
2016-10-18,59.44,18161.939453,2139.600098
2016-10-19,59.59,18202.619141,2144.290039
2016-10-20,59.75,18162.349609,2141.340088
2016-10-21,60.21,18145.710938,2141.159912
2016-10-24,60.23,18223.029297,2151.330078
2016-10-25,59.96,18169.269531,2143.159912
2016-10-26,60.52,18199.330078,2139.429932
2016-10-27,59.67,18169.679688,2133.040039
2016-10-28,60.73,18161.189453,2126.409912
2016-10-31,60.65,18142.419922,2126.149902
2016-11-01,59.81,18037.099609,2111.719971
2016-11-02,60.23,17959.640625,2097.939941
2016-11-03,58.83,17930.669922,2088.659912
2016-11-04,58.71,17888.279297,2085.179932
2016-11-07,59.59,18259.599609,2131.52002
2016-11-08,59.16,18332.740234,2139.560059
2016-11-09,60.72,18589.689453,2163.26001
2016-11-10,62.24,18807.880859,2167.47998
2016-11-11,62.96,18847.660156,2164.449951
2016-11-14,64.22,18868.689453,2164.199951
2016-11-15,63.57,18923.060547,2180.389893
2016-11-16,67.66,18868.140625,2176.939941
2016-11-17,67.75,18903.820313,2187.120117
2016-11-18,67.8,18867.929688,2181.899902
2016-11-21,68.08,18956.689453,2198.179932
2016-11-22,69.29,19023.869141,2202.939941
2016-11-23,69.84,19083.179688,2204.719971
2016-11-25,69.95,19152.140625,2213.350098
2016-11-28,69.16,19097.900391,2201.719971
2016-11-29,69.77,19121.599609,2204.659912
2016-11-30,68.73,19123.580078,2198.810059
2016-12-01,69.25,19191.929688,2191.080078
2016-12-02,69.36,19170.419922,2191.949951
2016-12-05,68.5,19216.240234,2204.709961
2016-12-06,68.32,19251.779297,2212.22998
2016-12-07,68.49,19549.619141,2241.350098
2016-12-08,69.27,19614.810547,2246.189941
2016-12-09,68.87,19756.849609,2259.530029
2016-12-12,68.29,19796.429688,2256.959961
2016-12-13,69.12,19911.210938,2271.719971
2016-12-14,68.69,19792.529297,2253.280029
2016-12-15,68.5,19852.240234,2262.030029
2016-12-16,68.3,19843.410156,2258.070068
2016-12-19,68.56,19883.060547,2262.530029
2016-12-20,69.1,19974.619141,2270.76001
2016-12-21,68.64,19941.960938,2265.179932
2016-12-22,65.62,19918.880859,2260.959961
2016-12-23,65.41,19933.810547,2263.790039
2016-12-27,65.58,19945.039063,2268.879883
2016-12-28,64.81,19833.679688,2249.919922
2016-12-29,64.62,19819.779297,2249.26001
2016-12-30,64.28,19762.599609,2238.830078
2017-01-03,64.74,19881.759766,2257.830078
2017-01-04,65.68,19942.160156,2270.75
2017-01-05,64.57,19899.289063,2269.0
2017-01-06,63.57,19963.800781,2276.97998
2017-01-09,63.56,19887.380859,2268.899902
2017-01-10,63.56,19855.529297,2268.899902
2017-01-11,63.72,19954.279297,2275.320068
2017-01-12,63.4,19891.0,2270.439941
2017-01-13,62.46,19885.730469,2274.639893
2017-01-17,63.13,19826.769531,2267.889893
2017-01-18,59.49,19804.720703,2271.889893
2017-01-19,58.19,19732.400391,2263.689941
2017-01-20,57.04,19827.25,2271.310059
2017-01-23,56.82,19799.849609,2265.199951
2017-01-24,57.32,19912.710938,2280.070068
2017-01-25,57.84,20068.509766,2298.370117
2017-01-26,57.1,20100.910156,2296.679932
2017-01-27,56.68,20093.779297,2294.689941
2017-01-30,57.06,19971.130859,2280.899902
2017-01-31,57.38,19864.089844,2278.870117
2017-02-01,56.66,19890.939453,2279.550049
2017-02-02,56.67,19884.910156,2280.850098
2017-02-03,56.73,20071.460938,2297.419922
2017-02-06,56.44,20052.419922,2292.560059
2017-02-07,56.57,20090.289063,2293.080078
2017-02-08,57.64,20054.339844,2294.669922
2017-02-09,59.1,20172.400391,2307.870117
2017-02-10,58.49,20269.369141,2316.100098
2017-02-13,58.2,20412.160156,2328.25
2017-02-14,58.96,20504.410156,2337.580078
2017-02-15,59.05,20611.859375,2349.25
2017-02-16,58.55,20619.769531,2347.219971
2017-02-17,59.08,20624.050781,2351.159912
2017-02-21,59.46,20743.0,2365.379883
2017-02-22,59.22,20775.599609,2362.820068
2017-02-23,58.36,20810.320313,2363.810059
2017-02-24,59.73,20821.759766,2367.340088
2017-02-27,60.09,20837.439453,2369.75
2017-02-28,52.78,20812.240234,2363.639893
2017-03-01,51.94,21115.550781,2395.959961
2017-03-02,52.04,21002.970703,2381.919922
2017-03-03,51.5,21005.710938,2383.120117
2017-03-06,50.38,20954.339844,2375.310059
2017-03-07,49.52,20924.759766,2368.389893
2017-03-08,49.41,20855.730469,2362.97998
2017-03-09,49.57,20858.189453,2364.870117
2017-03-10,49.72,20902.980469,2372.600098
2017-03-13,49.56,20881.480469,2373.469971
2017-03-14,49.17,20837.369141,2365.449951
2017-03-15,49.01,20950.099609,2385.26001
2017-03-16,49.03,20934.550781,2381.379883
2017-03-17,48.76,20914.619141,2378.25
2017-03-20,48.83,20905.859375,2373.469971
2017-03-21,47.95,20668.009766,2344.02002
2017-03-22,48.12,20661.300781,2348.449951
2017-03-23,47.72,20656.580078,2345.959961
2017-03-24,47.71,20596.720703,2343.97998
2017-03-27,47.89,20550.980469,2341.590088
2017-03-28,48.14,20701.5,2358.570068
2017-03-29,49.53,20659.320313,2361.129883
2017-03-30,49.62,20728.490234,2368.060059
2017-03-31,49.56,20663.220703,2362.719971
2017-04-03,48.52,20650.210938,2358.840088
2017-04-04,47.98,20689.240234,2360.159912
2017-04-05,47.37,20648.150391,2352.949951
2017-04-06,48.11,20662.949219,2357.48999
2017-04-07,47.81,20656.099609,2355.540039
2017-04-10,48.31,20658.019531,2357.159912
2017-04-11,48.24,20651.300781,2353.780029
2017-04-12,47.96,20591.859375,2344.929932
2017-04-13,47.95,20453.25,2328.949951
2017-04-17,48.21,20636.919922,2349.01001
2017-04-18,48.14,20523.279297,2342.189941
2017-04-19,48.4,20404.490234,2338.169922
2017-04-20,49.07,20578.710938,2355.840088
2017-04-21,49.2,20547.759766,2348.689941
2017-04-24,49.23,20763.890625,2374.149902
2017-04-25,49.53,20996.119141,2388.610107
2017-04-26,50.27,20975.089844,2387.449951
2017-04-27,50.37,20981.330078,2388.77002
2017-04-28,50.16,20940.509766,2384.199951
2017-05-01,50.09,20913.460938,2388.330078
2017-05-02,50.44,20949.890625,2391.169922
2017-05-03,51.5,20957.900391,2388.129883
2017-05-04,51.45,20951.470703,2389.52002
2017-05-05,51.48,21006.939453,2399.290039
2017-05-08,51.46,21012.279297,2399.379883
2017-05-09,52.16,20975.779297,2396.919922
2017-05-10,52.46,20943.109375,2399.629883
2017-05-11,50.35,20919.419922,2394.439941
2017-05-12,50.11,20896.609375,2390.899902
2017-05-15,50.25,20981.939453,2402.320068
2017-05-16,49.5,20979.75,2400.669922
2017-05-17,49.97,20606.929688,2357.030029
2017-05-18,50.68,20663.019531,2365.719971
2017-05-19,50.83,20804.839844,2381.72998
2017-05-22,50.35,20894.830078,2394.02002
2017-05-23,49.47,20937.910156,2398.419922
2017-05-24,49.14,21012.419922,2404.389893
2017-05-25,49.2,21082.949219,2415.070068
2017-05-26,49.39,21080.279297,2415.820068
2017-05-30,49.88,21029.470703,2412.909912
2017-05-31,50.07,21008.650391,2411.800049
2017-06-01,50.53,21144.179688,2430.060059
2017-06-02,50.4,21206.289063,2439.070068
2017-06-05,50.5,21184.039063,2436.100098
2017-06-06,49.55,21136.230469,2429.330078
2017-06-07,49.45,21173.689453,2433.139893
2017-06-08,49.59,21182.529297,2433.790039
2017-06-09,51.66,21271.970703,2431.77002
2017-06-12,52.54,21235.669922,2429.389893
2017-06-13,52.09,21328.470703,2440.350098
2017-06-14,52.53,21374.560547,2437.919922
2017-06-15,50.35,21359.900391,2432.459961
2017-06-16,47.76,21384.279297,2433.149902
2017-06-19,46.94,21528.990234,2453.459961
2017-06-20,46.22,21467.140625,2437.030029
2017-06-21,45.86,21410.029297,2435.610107
2017-06-22,45.96,21397.289063,2434.5
2017-06-23,46.08,21394.759766,2438.300049
2017-06-26,46.74,21409.550781,2439.070068
2017-06-27,47.27,21310.660156,2419.379883
2017-06-28,47.26,21454.609375,2440.689941
2017-06-29,47.29,21287.029297,2419.699951
2017-06-30,47.47,21349.630859,2423.409912
2017-07-03,47.8,21479.269531,2429.01001
2017-07-05,47.35,21478.169922,2432.540039
2017-07-06,46.7,21320.039063,2409.75
2017-07-07,46.36,21414.339844,2425.179932
2017-07-10,45.55,21408.519531,2427.429932
2017-07-11,45.76,21409.070313,2425.530029
2017-07-12,46.18,21532.140625,2443.25
2017-07-13,48.4,21553.089844,2447.830078
2017-07-14,48.32,21637.740234,2459.27002
2017-07-17,48.78,21629.720703,2459.139893
2017-07-18,48.78,21574.730469,2460.610107
2017-07-19,49.11,21640.75,2473.830078
2017-07-20,49.55,21611.779297,2473.449951
2017-07-21,49.79,21580.070313,2472.540039
2017-07-24,49.07,21513.169922,2469.909912
2017-07-25,50.02,21613.429688,2477.129883
2017-07-26,49.89,21711.009766,2477.830078
2017-07-27,50.88,21796.550781,2475.419922
2017-07-28,50.94,21830.310547,2472.100098
2017-07-31,51.45,21891.119141,2470.300049
2017-08-01,51.62,21963.919922,2476.350098
2017-08-02,51.56,22016.240234,2477.570068
2017-08-03,51.78,22026.099609,2472.159912
2017-08-04,52.27,22092.810547,2476.830078
2017-08-07,52.55,22118.419922,2480.909912
2017-08-08,53.33,22085.339844,2474.919922
2017-08-09,52.54,22048.699219,2474.02002
2017-08-10,50.51,21844.009766,2438.209961
2017-08-11,50.52,21858.320313,2441.320068
2017-08-14,51.22,21993.710938,2465.840088
2017-08-15,49.9,21998.990234,2464.610107
2017-08-16,51.7,22024.869141,2468.110107
2017-08-17,51.52,21750.730469,2430.01001
2017-08-18,51.09,21674.509766,2425.550049
2017-08-21,51.93,21703.75,2428.370117
2017-08-22,51.91,21899.890625,2452.51001
2017-08-23,51.83,21812.089844,2444.040039
2017-08-24,49.77,21783.400391,2438.969971
2017-08-25,50.5,21813.669922,2443.050049
2017-08-28,49.98,21808.400391,2444.23999
2017-08-29,50.08,21865.369141,2446.300049
2017-08-30,49.87,21892.429688,2457.590088
2017-08-31,50.06,21948.099609,2471.649902
2017-09-01,51.61,21987.560547,2476.550049
2017-09-05,52.65,21753.310547,2457.850098
2017-09-06,53.27,21807.640625,2465.540039
2017-09-07,53.63,21784.779297,2465.100098
2017-09-08,52.58,21797.789063,2461.429932
2017-09-11,52.6,22057.369141,2488.110107
2017-09-12,53.15,22118.859375,2496.47998
2017-09-13,54.63,22158.179688,2498.370117
2017-09-14,54.6,22203.480469,2495.620117
2017-09-15,55.05,22268.339844,2500.22998
2017-09-18,54.25,22331.349609,2503.870117
2017-09-19,54.49,22370.800781,2506.649902
2017-09-20,54.4,22412.589844,2508.23999
2017-09-21,53.55,22359.230469,2500.600098
2017-09-22,54.16,22349.589844,2502.219971
2017-09-25,53.75,22296.089844,2496.659912
2017-09-26,53.79,22284.320313,2496.840088
2017-09-27,54.05,22340.710938,2507.040039
2017-09-28,54.08,22381.199219,2510.060059
2017-09-29,54.17,22405.089844,2519.360107
2017-10-02,54.06,22557.599609,2529.120117
2017-10-03,53.78,22641.669922,2534.580078
2017-10-04,53.85,22661.640625,2537.73999
2017-10-05,53.6,22775.390625,2552.070068
2017-10-06,52.44,22773.669922,2549.330078
2017-10-09,51.64,22761.070313,2544.72998
2017-10-10,52.88,22830.679688,2550.639893
2017-10-11,54.3,22872.890625,2555.23999
2017-10-12,55.26,22841.009766,2550.929932
2017-10-13,55.86,22871.720703,2553.169922
2017-10-16,55.22,22956.960938,2557.639893
2017-10-17,55.24,22997.439453,2559.360107
2017-10-18,55.11,23157.599609,2561.26001
2017-10-19,55.48,23163.039063,2562.100098
2017-10-20,56.7,23328.630859,2575.209961
2017-10-23,57.45,23273.960938,2564.97998
2017-10-24,57.77,23441.759766,2569.129883
2017-10-25,56.85,23329.460938,2557.149902
2017-10-26,56.93,23400.859375,2560.399902
2017-10-27,55.32,23434.189453,2581.070068
2017-10-30,54.67,23348.740234,2572.830078
2017-10-31,54.2,23377.240234,2575.26001
2017-11-01,54.04,23435.009766,2579.360107
2017-11-02,54.89,23516.259766,2579.850098
2017-11-03,54.5,23539.189453,2587.840088
2017-11-06,54.43,23548.419922,2591.129883
2017-11-07,53.15,23557.230469,2590.639893
2017-11-08,53.59,23563.359375,2594.379883
2017-11-09,54.99,23461.939453,2584.620117
2017-11-10,56.37,23422.210938,2582.300049
2017-11-13,55.45,23439.699219,2584.840088
2017-11-14,55.74,23409.470703,2578.870117
2017-11-15,50.24,23271.279297,2564.620117
2017-11-16,51.11,23458.359375,2585.639893
2017-11-17,53.93,23358.240234,2578.850098
2017-11-20,53.69,23430.330078,2582.139893
2017-11-21,53.1,23590.830078,2599.030029
2017-11-22,53.33,23526.179688,2597.080078
2017-11-24,51.83,23557.990234,2602.419922
2017-11-27,51.8,23580.779297,2601.419922
2017-11-28,52.52,23836.710938,2627.040039
2017-11-29,57.21,23940.679688,2626.070068
2017-11-30,55.56,24272.349609,2647.580078
2017-12-01,55.2,24231.589844,2642.219971
2017-12-04,58.03,24290.050781,2639.439941
2017-12-05,57.7,24180.640625,2629.570068
2017-12-06,56.32,24140.910156,2629.27002
2017-12-07,56.67,24211.480469,2636.97998
2017-12-08,56.93,24329.160156,2651.5
2017-12-11,57.29,24386.029297,2659.98999
2017-12-12,56.6,24504.800781,2664.110107
2017-12-13,58.13,24585.429688,2662.850098
2017-12-14,57.45,24508.660156,2652.01001
2017-12-15,58.08,24651.740234,2675.810059
2017-12-18,59.44,24792.199219,2690.159912
2017-12-19,59.42,24754.75,2681.469971
2017-12-20,59.81,24726.650391,2679.25
2017-12-21,60.5,24782.289063,2684.570068
2017-12-22,60.65,24754.060547,2683.340088
2017-12-26,61.05,24746.210938,2680.5
2017-12-27,60.42,24774.300781,2682.620117
2017-12-28,60.13,24837.509766,2687.540039
2017-12-29,60.52,24719.220703,2673.610107
2018-01-02,62.73,24824.009766,2695.810059
2018-01-03,62.31,24922.679688,2713.060059
2018-01-04,61.08,25075.130859,2723.98999
2018-01-05,61.73,25295.869141,2743.149902
2018-01-08,62.31,25283.0,2747.709961
2018-01-09,64.13,25385.800781,2751.290039
2018-01-10,65.61,25369.130859,2748.22998
2018-01-11,68.64,25574.730469,2767.560059
2018-01-12,71.24,25803.189453,2786.23999
2018-01-16,69.53,25792.859375,2776.419922
2018-01-17,71.26,26115.650391,2802.560059
2018-01-18,72.26,26017.810547,2798.030029
2018-01-19,72.44,26071.720703,2810.300049
2018-01-22,72.89,26214.599609,2832.969971
2018-01-23,72.46,26210.810547,2839.129883
2018-01-24,71.32,26252.119141,2837.540039
2018-01-25,70.77,26392.789063,2839.25
2018-01-26,71.38,26616.710938,2872.870117
2018-01-29,71.24,26439.480469,2853.530029
2018-01-30,69.66,26076.890625,2822.429932
2018-01-31,69.77,26149.390625,2823.810059
2018-02-01,69.54,26186.710938,2821.97998
2018-02-02,67.67,25520.960938,2762.129883
2018-02-05,65.64,24345.75,2648.939941
2018-02-06,67.44,24912.769531,2695.139893
2018-02-07,67.95,24893.349609,2681.659912
2018-02-08,65.96,23860.460938,2581.0
2018-02-09,67.2,24190.900391,2619.550049
2018-02-12,66.67,24601.269531,2656.0
2018-02-13,68.53,24640.449219,2662.939941
2018-02-14,69.89,24893.490234,2698.629883
2018-02-15,70.53,25200.369141,2731.199951
2018-02-16,70.22,25219.380859,2732.219971
2018-02-20,68.14,24964.75,2716.26001
2018-02-21,68.24,24797.779297,2701.330078
2018-02-22,70.17,24962.480469,2703.959961
2018-02-23,70.53,25309.990234,2747.300049
2018-02-26,71.92,25709.269531,2779.600098
2018-02-27,70.68,25410.029297,2744.280029
2018-02-28,70.53,25029.199219,2713.830078
2018-03-01,69.33,24608.980469,2677.669922
2018-03-02,70.28,24538.060547,2691.25
2018-03-05,70.27,24874.759766,2720.939941
2018-03-06,67.14,24884.119141,2728.120117
2018-03-07,66.8,24801.359375,2726.800049
2018-03-08,65.23,24895.210938,2738.969971
2018-03-09,65.93,25335.740234,2786.570068
2018-03-12,66.09,25178.609375,2783.02002
2018-03-13,66.56,25007.029297,2765.310059
2018-03-14,66.07,24758.119141,2749.47998
2018-03-15,66.06,24873.660156,2747.330078
2018-03-16,66.39,24946.509766,2752.01001
2018-03-19,65.78,24610.910156,2712.919922
2018-03-20,66.93,24727.269531,2716.939941
2018-03-21,65.6,24682.310547,2711.929932
2018-03-22,64.43,23957.890625,2643.689941
2018-03-23,63.48,23533.199219,2588.26001
2018-03-26,65.73,24202.599609,2658.550049
2018-03-27,64.07,23857.710938,2612.620117
2018-03-28,64.7,23848.419922,2605.0
2018-03-29,64.93,24103.109375,2640.870117
2018-04-02,64.51,23644.189453,2581.879883
2018-04-03,65.03,24033.359375,2614.449951
2018-04-04,67.21,24264.300781,2644.689941
2018-04-05,67.75,24505.220703,2662.840088
2018-04-06,67.61,23932.759766,2604.469971
2018-04-09,66.85,23979.099609,2613.159912
2018-04-10,68.08,24408.0,2656.870117
2018-04-11,68.1,24189.449219,2642.189941
2018-04-12,67.74,24483.050781,2663.98999
2018-04-13,66.89,24360.140625,2656.300049
2018-04-16,67.34,24573.039063,2677.840088
2018-04-17,67.76,24786.630859,2706.389893
2018-04-18,67.83,24748.070313,2708.639893
2018-04-19,66.38,24664.890625,2693.129883
2018-04-20,65.77,24462.939453,2670.139893
2018-04-23,66.36,24448.689453,2670.290039
2018-04-24,65.96,24024.130859,2634.560059
2018-04-25,66.53,24083.830078,2639.399902
2018-04-26,67.23,24322.339844,2666.939941
2018-04-27,68.13,24311.189453,2669.909912
2018-04-30,67.9,24163.150391,2648.050049
2018-05-01,66.47,24099.050781,2654.800049
2018-05-02,66.82,23924.980469,2635.669922
2018-05-03,66.54,23930.150391,2629.72998
2018-05-04,66.45,24262.509766,2663.419922
2018-05-07,64.84,24357.320313,2672.629883
2018-05-08,64.92,24360.210938,2671.919922
2018-05-09,65.4,24542.539063,2697.790039
2018-05-10,65.69,24739.529297,2723.070068
2018-05-11,65.7,24831.169922,2727.719971
2018-05-14,68.18,24899.410156,2730.129883
2018-05-15,68.93,24706.410156,2711.449951
2018-05-16,70.96,24768.929688,2722.459961
2018-05-17,71.53,24713.980469,2720.129883
2018-05-18,71.63,24715.089844,2712.969971
2018-05-21,72.51,25013.289063,2733.01001
2018-05-22,71.19,24834.410156,2724.439941
2018-05-23,67.13,24886.810547,2733.290039
2018-05-24,66.92,24811.759766,2727.76001
2018-05-25,67.17,24753.089844,2721.330078
2018-05-29,67.63,24361.449219,2689.860107
2018-05-30,69.3,24667.779297,2724.01001
2018-05-31,68.75,24415.839844,2705.27002
2018-06-01,68.67,24635.210938,2734.620117
2018-06-04,72.02,24813.689453,2746.870117
2018-06-05,74.05,24799.980469,2748.800049
2018-06-06,73.48,25146.390625,2772.350098
2018-06-07,73.9,25241.410156,2770.370117
2018-06-08,73.59,25316.529297,2779.030029
2018-06-11,74.57,25322.310547,2782.0
2018-06-12,74.58,25320.730469,2786.850098
2018-06-13,73.59,25201.199219,2775.629883
2018-06-14,72.84,25175.310547,2782.48999
2018-06-15,72.87,25090.480469,2779.659912
2018-06-18,72.74,24987.470703,2773.75
2018-06-19,72.23,24700.210938,2762.590088
2018-06-20,71.11,24657.800781,2767.320068
2018-06-21,71.82,24461.699219,2749.76001
2018-06-22,71.73,24580.890625,2754.879883
2018-06-25,72.48,24252.800781,2717.070068
2018-06-26,72.0,24283.109375,2723.060059
2018-06-27,72.51,24117.589844,2699.629883
2018-06-28,71.31,24216.050781,2716.310059
2018-06-29,71.8,24271.410156,2718.370117
2018-07-02,71.47,24307.179688,2726.709961
2018-07-03,72.28,24174.820313,2713.219971
2018-07-05,72.21,24356.740234,2736.610107
2018-07-06,72.43,24456.480469,2759.820068
2018-07-09,73.35,24776.589844,2784.169922
2018-07-10,73.86,24919.660156,2793.840088
2018-07-11,73.18,24700.449219,2774.02002
2018-07-12,72.16,24924.890625,2798.290039
2018-07-13,73.31,25019.410156,2801.310059
2018-07-16,72.83,25064.359375,2798.429932
2018-07-17,72.89,25119.890625,2809.550049
2018-07-18,72.49,25199.289063,2815.620117
2018-07-19,74.01,25064.5,2804.48999
2018-07-20,73.35,25058.119141,2801.830078
2018-07-23,74.23,25044.289063,2806.97998
2018-07-24,74.86,25241.939453,2820.399902
2018-07-25,75.45,25414.099609,2846.070068
2018-07-26,75.33,25527.070313,2837.439941
2018-07-27,75.58,25451.060547,2818.820068
2018-07-30,76.6,25306.830078,2802.600098
2018-07-31,76.1,25415.189453,2816.290039
2018-08-01,74.47,25333.820313,2813.360107
2018-08-02,76.18,25326.160156,2827.219971
2018-08-03,76.83,25462.580078,2840.350098
2018-08-06,76.98,25502.179688,2850.399902
2018-08-07,77.57,25628.910156,2858.449951
2018-08-08,77.72,25583.75,2857.699951
2018-08-09,77.93,25509.230469,2853.580078
2018-08-10,78.02,25313.140625,2833.280029
2018-08-13,77.4,25187.699219,2821.929932
2018-08-14,78.6,25299.919922,2839.959961
2018-08-15,76.71,25162.410156,2818.370117
2018-08-16,78.02,25558.730469,2840.689941
2018-08-17,78.94,25669.320313,2850.129883
2018-08-20,79.21,25758.689453,2857.050049
2018-08-21,79.16,25822.289063,2862.959961
2018-08-22,81.7,25733.599609,2861.820068
2018-08-23,82.43,25656.980469,2856.97998
2018-08-24,83.0,25790.349609,2874.689941
2018-08-27,82.33,26049.640625,2896.73999
2018-08-28,82.42,26064.019531,2897.52002
2018-08-29,83.31,26124.570313,2914.040039
2018-08-30,83.0,25986.919922,2901.129883
2018-08-31,83.18,25964.820313,2901.52002
2018-09-04,84.56,25952.480469,2896.719971
2018-09-05,84.23,25974.990234,2888.600098
2018-09-06,84.5,25995.869141,2878.050049
2018-09-07,84.36,25916.539063,2871.679932
2018-09-10,84.86,25857.070313,2877.129883
2018-09-11,84.42,25971.060547,2887.889893
2018-09-12,84.28,25998.919922,2888.919922
2018-09-13,83.74,26145.990234,2904.179932
2018-09-14,83.6,26154.669922,2904.97998
2018-09-17,82.98,26062.119141,2888.800049
2018-09-18,83.36,26246.960938,2904.310059
2018-09-19,82.86,26405.759766,2907.949951
2018-09-20,83.07,26656.980469,2930.75
2018-09-21,83.0,26743.5,2929.669922
2018-09-24,82.94,26562.050781,2919.370117
2018-09-25,83.0,26492.210938,2915.560059
2018-09-26,83.56,26385.279297,2905.969971
2018-09-27,83.19,26439.929688,2914.0
2018-09-28,83.86,26458.310547,2913.97998
2018-10-01,84.11,26651.210938,2924.590088
2018-10-02,82.35,26773.939453,2923.429932
2018-10-03,81.73,26828.390625,2925.51001
2018-10-04,80.66,26627.480469,2901.610107
2018-10-05,80.35,26447.050781,2885.570068
2018-10-08,81.19,26486.779297,2884.429932
2018-10-09,81.44,26430.570313,2880.340088
2018-10-10,81.0,25598.740234,2785.679932
2018-10-11,78.72,25052.830078,2728.370117
2018-10-12,80.44,25339.990234,2767.129883
2018-10-15,80.43,25250.550781,2750.790039
2018-10-16,81.58,25798.419922,2809.919922
2018-10-17,80.26,25706.679688,2809.209961
2018-10-18,79.25,25379.449219,2768.780029
2018-10-19,77.97,25444.339844,2767.780029
2018-10-22,79.12,25317.410156,2755.879883
2018-10-23,78.59,25191.429688,2740.689941
2018-10-24,78.21,24583.419922,2656.100098
2018-10-25,79.7,24984.550781,2705.570068
2018-10-26,77.9,24688.310547,2658.689941
2018-10-29,79.95,24442.919922,2641.25
2018-10-30,81.54,24874.640625,2682.629883
2018-10-31,79.51,25115.759766,2711.73999
2018-11-01,80.08,25380.740234,2740.370117
2018-11-02,80.25,25270.830078,2723.060059
2018-11-05,81.14,25461.699219,2738.310059
2018-11-06,81.37,25635.009766,2755.449951
2018-11-07,82.48,26180.300781,2813.889893
2018-11-08,83.28,26191.220703,2806.830078
2018-11-09,82.65,25989.300781,2781.01001
2018-11-12,81.25,25387.179688,2726.219971
2018-11-13,80.16,25286.490234,2722.179932
2018-11-14,79.03,25080.5,2701.580078
2018-11-15,76.78,25289.269531,2730.199951
2018-11-16,75.75,25413.220703,2736.27002
2018-11-19,73.95,25017.439453,2690.72998
2018-11-20,66.17,24465.640625,2641.889893
2018-11-21,66.39,24464.689453,2649.929932
2018-11-23,64.56,24285.949219,2632.560059
2018-11-26,66.38,24640.240234,2673.449951
2018-11-27,68.42,24748.730469,2682.169922
2018-11-28,68.9,25366.429688,2743.790039
2018-11-29,68.22,25338.839844,2737.800049
2018-11-30,68.02,25538.460938,2760.169922
2018-12-03,69.34,25826.429688,2790.370117
2018-12-04,66.44,25027.070313,2700.060059
2018-12-06,66.66,24947.669922,2695.949951
2018-12-07,65.0,24388.949219,2633.080078
2018-12-10,65.49,24423.259766,2637.719971
2018-12-11,64.01,24370.240234,2636.780029
2018-12-12,64.98,24527.269531,2651.070068
2018-12-13,63.92,24597.380859,2650.540039
2018-12-14,64.39,24100.509766,2599.949951
2018-12-17,61.65,23592.980469,2545.939941
2018-12-18,62.6,23675.640625,2546.159912
2018-12-19,60.23,23323.660156,2506.959961
2018-12-20,59.14,22859.599609,2467.419922
2018-12-21,58.6,22445.369141,2416.620117
2018-12-24,59.0,21792.199219,2351.100098
2018-12-26,62.41,22878.449219,2467.699951
2018-12-27,62.03,23138.820313,2488.830078
2018-12-28,62.27,23062.400391,2485.73999
2018-12-31,63.35,23327.460938,2506.850098
2019-01-02,63.69,23346.240234,2510.030029
2019-01-03,62.81,22686.220703,2447.889893
2019-01-04,63.68,23433.160156,2531.939941
2019-01-07,66.79,23531.349609,2549.689941
2019-01-08,66.73,23787.449219,2574.409912
2019-01-09,67.38,23879.119141,2584.959961
2019-01-10,65.46,24001.919922,2596.639893
2019-01-11,66.73,23995.949219,2596.26001
2019-01-14,65.99,23909.839844,2582.610107
2019-01-15,65.38,24065.589844,2610.300049
2019-01-16,65.04,24207.160156,2616.100098
2019-01-17,66.5,24370.099609,2635.959961
2019-01-18,67.75,24706.349609,2670.709961
2019-01-22,67.37,24404.480469,2632.899902
2019-01-23,67.41,24575.619141,2638.699951
2019-01-24,67.68,24553.240234,2642.330078
2019-01-25,69.39,24737.199219,2664.76001
2019-01-28,69.13,24528.220703,2643.850098
2019-01-29,68.73,24579.960938,2640.0
2019-01-30,69.33,25014.859375,2681.050049
2019-01-31,69.98,24999.669922,2704.100098
2019-02-01,68.22,25063.890625,2706.530029
2019-02-04,69.44,25239.369141,2724.870117
2019-02-05,69.75,25411.519531,2737.699951
2019-02-06,69.51,25390.300781,2731.610107
2019-02-07,68.88,25169.529297,2706.050049
2019-02-08,67.94,25106.330078,2707.879883
2019-02-11,67.24,25053.109375,2709.800049
2019-02-12,67.49,25425.759766,2744.72998
2019-02-13,69.56,25543.269531,2753.030029
2019-02-14,69.19,25439.390625,2745.72998
2019-02-15,69.82,25883.25,2775.600098
2019-02-19,70.89,25891.320313,2779.76001
2019-02-20,70.32,25954.439453,2784.699951
2019-02-21,69.66,25850.630859,2774.879883
2019-02-22,69.87,26031.810547,2792.669922
2019-02-25,70.69,26091.949219,2796.110107
2019-02-26,69.91,26057.980469,2793.899902
2019-02-27,70.61,25985.160156,2792.379883
2019-02-28,70.25,25916.0,2784.48999
2019-03-01,70.54,26026.320313,2803.689941
2019-03-04,70.28,25819.650391,2792.810059
2019-03-05,73.5,25806.630859,2789.649902
2019-03-06,74.37,25673.460938,2771.449951
2019-03-07,73.66,25473.230469,2748.929932
2019-03-08,73.31,25450.240234,2743.070068
2019-03-11,73.76,25650.880859,2783.300049
2019-03-12,73.67,25554.660156,2791.52002
2019-03-13,74.58,25702.890625,2810.919922
2019-03-14,73.97,25709.939453,2808.47998
2019-03-15,74.13,25848.869141,2822.47998
2019-03-18,75.31,25914.099609,2832.939941
2019-03-19,75.88,25887.380859,2832.570068
2019-03-20,74.99,25745.669922,2824.22998
2019-03-21,76.87,25962.509766,2854.879883
2019-03-22,75.74,25502.320313,2800.709961
2019-03-25,75.94,25516.830078,2798.360107
2019-03-26,77.01,25657.730469,2818.459961
2019-03-27,77.19,25625.589844,2805.370117
2019-03-28,77.67,25717.460938,2815.439941
2019-03-29,77.62,25928.679688,2834.399902
2019-04-01,77.34,26258.419922,2867.189941
2019-04-02,76.84,26179.130859,2867.23999
2019-04-03,76.7,26218.130859,2873.399902
2019-04-04,78.7,26384.630859,2879.389893
2019-04-05,78.27,26424.990234,2892.73999
2019-04-08,79.23,26341.019531,2895.77002
2019-04-09,78.0,26150.580078,2878.199951
2019-04-10,78.09,26157.160156,2888.209961
2019-04-11,77.8,26143.050781,2888.320068
2019-04-12,78.07,26412.300781,2907.409912
2019-04-15,79.28,26384.769531,2905.580078
2019-04-16,79.27,26452.660156,2907.060059
2019-04-17,79.96,26449.539063,2900.449951
2019-04-18,80.52,26559.539063,2905.030029
2019-04-22,79.32,26511.050781,2907.969971
2019-04-23,79.45,26656.390625,2933.679932
2019-04-24,80.15,26597.050781,2927.25
2019-04-25,79.05,26462.080078,2926.169922
2019-04-26,74.58,26543.330078,2939.879883
2019-04-29,75.24,26554.390625,2943.030029
2019-04-30,74.87,26592.910156,2945.830078
2019-05-01,73.18,26430.140625,2923.72998
2019-05-02,73.9,26307.789063,2917.52002
2019-05-03,73.44,26504.949219,2945.639893
2019-05-06,73.48,26438.480469,2932.469971
2019-05-07,72.57,25965.089844,2884.050049
2019-05-08,72.93,25967.330078,2879.419922
2019-05-09,72.64,25828.359375,2870.719971
2019-05-10,72.18,25942.369141,2881.399902
2019-05-13,69.32,25324.990234,2811.870117
2019-05-14,69.53,25532.050781,2834.409912
2019-05-15,69.09,25648.019531,2850.959961
2019-05-16,69.07,25862.679688,2876.320068
2019-05-17,69.17,25764.0,2859.530029
2019-05-20,70.33,25679.900391,2840.22998
2019-05-21,70.22,25877.330078,2864.360107
2019-05-22,75.68,25776.609375,2856.27002
2019-05-23,77.48,25490.470703,2822.23999
2019-05-24,79.59,25585.689453,2826.060059
2019-05-28,78.81,25347.769531,2802.389893
2019-05-29,77.71,25126.410156,2783.02002
2019-05-30,78.44,25169.880859,2788.860107
2019-05-31,78.5,24815.039063,2752.060059
2019-06-03,80.94,24819.779297,2744.449951
2019-06-04,83.77,25332.179688,2803.27002
2019-06-05,83.42,25539.570313,2826.149902
2019-06-06,83.62,25720.660156,2843.48999
2019-06-07,84.75,25983.939453,2873.340088
2019-06-10,85.43,26062.679688,2886.72998
2019-06-11,85.72,26048.509766,2885.719971
2019-06-12,86.12,26004.830078,2879.840088
2019-06-13,86.16,26106.769531,2891.639893
2019-06-14,85.66,26089.609375,2886.97998
2019-06-17,85.03,26112.529297,2889.669922
2019-06-18,84.38,26465.539063,2917.75
2019-06-19,84.07,26504.0,2926.459961
2019-06-20,84.12,26753.169922,2954.179932
2019-06-21,85.48,26719.130859,2950.459961
2019-06-24,84.62,26727.539063,2945.350098
2019-06-25,83.62,26548.220703,2917.379883
2019-06-26,83.52,26536.820313,2913.780029
2019-06-27,83.79,26526.580078,2924.919922
2019-06-28,84.51,26599.960938,2941.76001
2019-07-01,84.83,26717.429688,2964.330078
2019-07-02,84.93,26786.679688,2973.01001
2019-07-03,85.77,26966.0,2995.820068
2019-07-05,86.49,26922.119141,2990.409912
2019-07-08,86.76,26806.140625,2975.949951
2019-07-09,85.67,26783.490234,2979.629883
2019-07-10,83.77,26860.199219,2993.070068
2019-07-11,84.38,27088.080078,2999.909912
2019-07-12,85.41,27332.029297,3013.77002
2019-07-15,84.7,27359.160156,3014.300049
2019-07-16,86.17,27335.630859,3004.040039
2019-07-17,85.73,27219.849609,2984.419922
2019-07-18,86.36,27222.970703,2995.110107
2019-07-19,85.88,27154.199219,2976.610107
2019-07-22,85.11,27171.900391,2985.030029
2019-07-23,86.39,27349.189453,3005.469971
2019-07-24,86.93,27269.970703,3019.560059
2019-07-25,85.84,27140.980469,3003.669922
2019-07-26,84.95,27192.449219,3025.860107
2019-07-29,85.12,27221.349609,3020.969971
2019-07-30,84.78,27198.019531,3013.179932
2019-07-31,84.31,26864.269531,2980.379883
2019-08-01,80.62,26583.419922,2953.560059
2019-08-02,79.55,26485.009766,2932.050049
2019-08-05,78.83,25717.740234,2844.73999
2019-08-06,80.76,26029.519531,2881.77002
2019-08-07,81.0,26007.070313,2883.97998
2019-08-08,81.77,26378.189453,2938.090088
2019-08-09,80.41,26287.439453,2918.649902
2019-08-12,80.04,25896.439453,2882.699951
2019-08-13,82.2,26279.910156,2926.320068
2019-08-14,79.91,25479.419922,2840.600098
2019-08-15,80.56,25579.390625,2847.600098
2019-08-16,82.17,25886.009766,2888.679932
2019-08-19,84.48,26135.789063,2923.649902
2019-08-20,84.1,25962.439453,2900.51001
2019-08-21,101.28,26202.730469,2924.429932
2019-08-22,104.54,26252.240234,2922.949951
2019-08-23,101.76,25628.900391,2847.110107
2019-08-26,103.02,25898.830078,2878.379883
2019-08-27,102.95,25777.900391,2869.159912
2019-08-28,104.62,26036.099609,2887.939941
2019-08-29,106.12,26362.25,2924.580078
2019-08-30,105.25,26403.279297,2926.459961
2019-09-03,104.92,26118.019531,2906.27002
2019-09-04,105.56,26355.470703,2937.780029
2019-09-05,106.72,26728.150391,2976.0
2019-09-06,108.01,26797.460938,2978.709961
2019-09-09,106.14,26835.509766,2978.429932
2019-09-10,107.01,26909.429688,2979.389893
2019-09-11,107.15,27137.039063,3000.929932
2019-09-12,107.12,27182.449219,3009.570068
2019-09-13,106.18,27219.519531,3007.389893
2019-09-16,105.17,27076.820313,2997.959961
2019-09-17,105.49,27110.800781,3005.699951
2019-09-18,105.18,27147.080078,3006.72998
2019-09-19,106.07,27094.789063,3006.790039
2019-09-20,104.89,26935.070313,2992.070068
2019-09-23,106.96,26949.990234,2991.780029
2019-09-24,105.65,26807.769531,2966.600098
2019-09-25,105.01,26970.710938,2984.870117
2019-09-26,104.51,26891.119141,2977.620117
2019-09-27,104.34,26820.25,2961.790039
2019-09-30,105.12,26916.830078,2976.73999
2019-10-01,104.17,26573.039063,2940.25
2019-10-02,103.4,26078.619141,2887.610107
2019-10-03,104.84,26201.039063,2910.629883
2019-10-04,107.27,26573.720703,2952.01001
2019-10-07,106.14,26478.019531,2938.790039
2019-10-08,106.7,26164.039063,2893.060059
2019-10-09,108.51,26346.009766,2919.399902
2019-10-10,108.72,26496.669922,2938.129883
2019-10-11,109.96,26816.589844,2970.27002
2019-10-14,109.29,26787.359375,2966.149902
2019-10-15,110.02,27024.800781,2995.679932
2019-10-16,110.31,27001.980469,2989.689941
2019-10-17,111.34,27025.880859,2997.949951
2019-10-18,110.92,26770.199219,2986.199951
2019-10-21,111.78,26827.640625,3006.719971
2019-10-22,111.3,26788.099609,2995.98999
2019-10-23,109.5,26833.949219,3004.52002
2019-10-24,108.41,26805.529297,3010.290039
2019-10-25,107.2,26958.060547,3022.550049
2019-10-28,107.88,27090.720703,3039.419922
2019-10-29,106.34,27071.460938,3036.889893
2019-10-30,106.12,27186.689453,3046.77002
2019-10-31,105.12,27046.230469,3037.560059
2019-11-01,106.02,27347.359375,3066.909912
2019-11-04,106.95,27462.109375,3078.27002
2019-11-05,108.22,27492.630859,3074.620117
2019-11-06,108.66,27492.560547,3076.780029
2019-11-07,108.74,27674.800781,3085.179932
2019-11-08,108.31,27681.240234,3093.080078
2019-11-11,108.6,27691.490234,3087.01001
2019-11-12,106.54,27691.490234,3091.840088
2019-11-13,106.76,27783.589844,3094.040039
2019-11-14,109.25,27781.960938,3096.629883
2019-11-15,111.32,28004.890625,3120.459961
2019-11-18,110.09,28036.220703,3122.030029
2019-11-19,109.64,27934.019531,3120.179932
2019-11-20,125.05,27821.089844,3108.459961
2019-11-21,126.26,27766.289063,3103.540039
2019-11-22,125.64,27875.619141,3110.290039
2019-11-25,123.83,28066.470703,3133.639893
2019-11-26,125.51,28121.679688,3140.52002
2019-11-27,124.53,28164.0,3153.629883
2019-11-29,123.65,28051.410156,3140.97998
2019-12-02,122.63,27783.039063,3113.870117
2019-12-03,122.69,27502.810547,3093.199951
2019-12-04,123.16,27649.779297,3112.76001
2019-12-05,123.32,27677.789063,3117.429932
2019-12-06,123.67,28015.060547,3145.909912
2019-12-09,125.07,27909.599609,3135.959961
2019-12-10,124.4,27881.720703,3132.52002
2019-12-11,124.43,27911.300781,3141.629883
2019-12-12,126.13,28132.050781,3168.570068
2019-12-13,125.83,28135.380859,3168.800049
2019-12-16,124.59,28235.890625,3191.449951
2019-12-17,126.98,28267.160156,3192.52002
2019-12-18,126.68,28239.279297,3191.139893
2019-12-19,127.3,28376.960938,3205.370117
2019-12-20,127.74,28455.089844,3221.219971
2019-12-23,126.94,28551.529297,3224.01001
2019-12-24,127.15,28515.449219,3223.379883
2019-12-26,127.49,28621.390625,3239.909912
2019-12-27,127.8,28645.259766,3240.02002
2019-12-30,127.49,28462.140625,3221.290039
2019-12-31,126.81,28538.439453,3230.780029
2020-01-02,124.7,28868.800781,3257.850098
2020-01-03,123.4,28634.880859,3234.850098
2020-01-06,122.23,28703.380859,3246.280029
2020-01-07,122.45,28583.679688,3237.179932
2020-01-08,122.05,28745.089844,3253.050049
2020-01-09,122.15,28956.900391,3274.699951
2020-01-10,123.37,28823.769531,3265.350098
2020-01-13,122.52,28907.050781,3288.129883
2020-01-14,123.89,28939.669922,3283.149902
2020-01-15,115.72,29030.220703,3289.290039
2020-01-16,115.05,29297.640625,3316.810059
2020-01-17,115.65,29348.099609,3329.620117
2020-01-21,112.8,29196.039063,3320.790039
2020-01-22,112.66,29186.269531,3321.75
2020-01-23,114.27,29160.089844,3325.540039
2020-01-24,113.07,28989.730469,3295.469971
2020-01-27,114.52,28535.800781,3243.629883
2020-01-28,114.18,28722.849609,3276.23999
2020-01-29,113.02,28734.449219,3273.399902
2020-01-30,113.42,28859.439453,3283.659912
2020-01-31,109.53,28256.029297,3225.52002
2020-02-03,111.28,28399.810547,3248.919922
2020-02-04,112.02,28807.630859,3297.590088
2020-02-05,114.27,29290.849609,3334.689941
2020-02-06,113.88,29379.769531,3345.780029
2020-02-07,114.35,29102.509766,3327.709961
2020-02-10,115.7,29276.820313,3352.090088
2020-02-11,115.42,29276.339844,3357.75
2020-02-12,116.82,29551.419922,3379.449951
2020-02-13,116.99,29423.310547,3373.939941
2020-02-14,115.36,29398.080078,3380.159912
2020-02-18,117.21,29232.189453,3370.290039
2020-02-19,116.77,29348.029297,3386.149902
2020-02-20,117.64,29219.980469,3373.22998
2020-02-21,116.39,28992.410156,3337.75
2020-02-24,113.18,27960.800781,3225.889893
2020-02-25,111.13,27081.359375,3128.209961
2020-02-26,110.08,26957.589844,3116.389893
2020-02-27,105.06,25766.640625,2978.76001
2020-02-28,102.46,25409.359375,2954.219971
2020-03-02,108.49,26703.320313,3090.22998
2020-03-03,105.28,25917.410156,3003.370117
2020-03-04,107.25,27090.859375,3130.120117
2020-03-05,105.41,26121.279297,3023.939941
2020-03-06,105.39,25864.779297,2972.370117
2020-03-09,103.48,23851.019531,2746.560059
2020-03-10,107.76,25018.160156,2882.22998
2020-03-11,105.02,23553.220703,2741.379883
2020-03-12,92.13,21200.619141,2480.639893
2020-03-13,100.49,23185.619141,2711.02002
2020-03-16,93.3,20188.519531,2386.129883
2020-03-17,103.08,21237.380859,2529.189941
2020-03-18,102.28,19898.919922,2398.100098
2020-03-19,99.97,20087.189453,2409.389893
2020-03-20,96.89,19173.980469,2304.919922
2020-03-23,96.18,18591.929688,2237.399902
2020-03-24,100.03,20704.910156,2447.330078
2020-03-25,90.56,21200.550781,2475.560059
2020-03-26,95.56,22552.169922,2630.070068
2020-03-27,94.24,21636.779297,2541.469971
2020-03-30,95.5,22327.480469,2626.649902
2020-03-31,92.48,21917.160156,2584.590088
2020-04-01,94.77,20943.509766,2470.5
2020-04-02,93.86,21413.439453,2526.899902
2020-04-03,92.08,21052.529297,2488.649902
2020-04-06,97.0,22679.990234,2663.679932
2020-04-07,97.74,22653.859375,2659.409912
2020-04-08,104.08,23433.570313,2749.97998
2020-04-09,103.65,23719.369141,2789.820068
2020-04-13,104.13,23390.769531,2761.629883
2020-04-14,107.81,23949.759766,2846.060059
2020-04-15,105.68,23504.349609,2783.360107
2020-04-16,108.72,23537.679688,2799.550049
2020-04-17,112.82,24242.490234,2874.560059
2020-04-20,108.41,23650.439453,2823.159912
2020-04-21,106.34,23018.880859,2736.560059
2020-04-22,106.28,23475.820313,2799.310059
2020-04-23,103.31,23515.259766,2797.800049
2020-04-24,107.25,23775.269531,2836.73999
2020-04-27,109.3,24133.779297,2878.47998
2020-04-28,111.41,24101.550781,2863.389893
2020-04-29,111.51,24633.859375,2939.51001
2020-04-30,109.16,24345.720703,2912.429932
2020-05-01,107.66,23723.689453,2830.709961
2020-05-04,111.12,23749.759766,2842.73999
2020-05-05,111.17,23883.089844,2868.439941
2020-05-06,112.98,23664.640625,2848.419922
2020-05-07,112.76,23875.890625,2881.189941
2020-05-08,115.22,24331.320313,2929.800049
2020-05-11,119.55,24221.990234,2930.189941
2020-05-12,118.76,23764.779297,2870.120117
2020-05-13,118.51,23247.970703,2820.0
2020-05-14,119.31,23625.339844,2852.5
2020-05-15,120.3,23685.419922,2863.699951
2020-05-18,124.54,24597.369141,2953.909912
2020-05-19,123.17,24206.859375,2922.939941
2020-05-20,119.63,24575.900391,2971.610107
2020-05-21,118.68,24474.119141,2948.51001
2020-05-22,117.49,24465.160156,2955.449951
2020-05-26,115.12,24995.109375,2991.77002
2020-05-27,117.41,25548.269531,3036.129883
2020-05-28,118.43,25400.640625,3029.72998
2020-05-29,122.33,25383.109375,3044.310059
2020-06-01,119.49,25475.019531,3055.72998
2020-06-02,118.85,25742.650391,3080.820068
2020-06-03,121.73,26269.890625,3122.870117
2020-06-04,119.96,26281.820313,3112.350098
2020-06-05,121.53,27110.980469,3193.929932
2020-06-08,122.37,27572.439453,3232.389893
2020-06-09,120.72,27272.300781,3207.179932
2020-06-10,120.0,26989.990234,3190.139893
2020-06-11,118.01,25128.169922,3002.100098
2020-06-12,116.9,25605.539063,3041.310059
2020-06-15,118.15,25763.160156,3066.590088
2020-06-16,119.209999,26289.980469,3124.73999
2020-06-17,118.269997,26119.609375,3113.48999
2020-06-18,117.300003,26080.099609,3115.340088
2020-06-19,120.559998,25871.460938,3097.73999
2020-06-22,122.43,26024.960938,3117.860107
2020-06-23,121.5,26156.099609,3131.290039
2020-06-24,119.720001,25445.939453,3050.330078
2020-06-25,119.809998,25745.599609,3083.76001
2020-06-26,117.019997,25015.550781,3009.050049
2020-06-29,118.57,25595.800781,3053.23999
2020-06-30,119.93,25812.880859,3100.290039
2020-07-01,118.959999,25734.970703,3115.860107
2020-07-02,119.120003,25827.359375,3130.01001
2020-07-06,119.239998,26287.029297,3179.719971
2020-07-07,118.059998,25890.179688,3145.320068
2020-07-08,117.699997,26067.279297,3169.939941
2020-07-09,117.900002,25706.089844,3152.050049
2020-07-10,118.860001,26075.300781,3185.040039
2020-07-13,118.730003,26085.800781,3155.219971
2020-07-14,120.08000200000001,26642.589844,3197.52002
2020-07-15,121.66999799999999,26870.099609,3226.560059
2020-07-16,121.949997,26734.710938,3215.570068
2020-07-17,121.66999799999999,26671.949219,3224.72998
2020-07-20,119.82,26680.869141,3251.840088
2020-07-21,119.60873400000001,26840.400391,3257.300049
2020-07-22,122.53427099999999,27005.839844,3276.02002
2020-07-23,121.74816100000001,26652.330078,3235.659912
2020-07-24,123.10147099999999,26469.890625,3215.629883
2020-07-27,122.08649399999999,26584.769531,3239.409912
2020-07-28,122.68354,26379.279297,3218.439941
2020-07-29,123.07161699999999,26539.570313,3258.439941
2020-07-30,123.96719399999999,26313.650391,3246.219971
2020-07-31,125.260796,26428.320313,3271.120117
2020-08-03,127.211151,26664.400391,3294.610107
2020-08-04,129.80831899999998,26828.470703,3306.51001
2020-08-05,128.733627,27201.519531,3327.77002
2020-08-06,128.375397,27386.980469,3349.159912
2020-08-07,131.101929,27433.480469,3351.280029
2020-08-10,132.286072,27791.439453,3360.469971
2020-08-11,131.072067,27686.910156,3333.689941
2020-08-12,133.937912,27976.839844,3380.350098
2020-08-13,134.146866,27896.720703,3373.429932
2020-08-14,135.85841399999998,27931.019531,3372.850098
2020-08-17,137.559998,27844.910156,3381.98999
2020-08-18,136.899994,27778.070313,3389.780029
2020-08-19,154.220001,27692.880859,3374.850098
2020-08-20,152.240005,27739.730469,3385.51001
2020-08-21,153.630005,27930.330078,3397.159912
2020-08-24,153.240005,28308.460938,3431.280029
2020-08-25,152.850006,28248.439453,3443.620117
2020-08-26,152.71000700000002,28331.919922,3478.72998
2020-08-27,150.309998,28492.269531,3484.550049
2020-08-28,150.850006,28653.869141,3508.01001
2020-08-31,151.21000700000002,28430.050781,3500.310059
2020-09-01,150.550003,28645.660156,3526.649902
2020-09-02,,29100.5,3580.840088
